{"count":1,"self":20.4927024,"total":24.11622,"children":{"InitializeActuators":{"count":16,"self":0.0025499999999999997,"total":0.0025499999999999997,"children":null},"InitializeSensors":{"count":16,"self":0.00249,"total":0.00249,"children":null},"AgentSendState":{"count":1181,"self":0.358211,"total":0.6541,"children":{"CollectObservations":{"count":3792,"self":0.097374999999999989,"total":0.097374999999999989,"children":null},"CollectDiscreteActionMasks":{"count":3792,"self":0.090300999999999992,"total":0.090300999999999992,"children":null},"RequestDecision":{"count":3792,"self":0.10821299999999999,"total":0.10821299999999999,"children":null}}},"DecideAction":{"count":1181,"self":0.89535,"total":2.8908259999999997,"children":{"RayPerceptionSensor.Perceive":{"count":11376,"self":1.9954759999999998,"total":1.9954759999999998,"children":null}}},"AgentAct":{"count":1181,"self":0.072246999999999992,"total":0.072246999999999992,"children":null}},"gauges":{"Pyramids.CumulativeReward":{"count":15,"max":1.9289999,"min":1.77899742,"runningAverage":1.84821188,"value":1.77899742,"weightedAverage":1.81905055}},"metadata":{"timer_format_version":"0.1.0","start_time_seconds":"1605266868","unity_version":"2019.4.14f1","command_line_arguments":"\/Users\/socio\/Unity\/2019.4.14f1\/Unity.app\/Contents\/MacOS\/Unity -projectpath \/Users\/socio\/Unity\/Projects\/UnityMLAgentsSetup -useHub -hubIPC -cloudEnvironment production -hubSessionId 85c2a790-259a-11eb-8be9-8f5a654067bd -accessToken pFtmjaRqvYOMTIgMwrAxVgqlDNXMG7p8EXjzYWSW21E001f","communication_protocol_version":"1.2.0","com.unity.ml-agents_version":"1.5.0-preview","scene_name":"Pyramids","end_time_seconds":"1605266892"}}